id,name,phone_number,email
eaa5f156-8a7e-4f12-9b6c-050f7369e93c,Ethyl Ahmad,617-692-6997,odduttowixa-3931@encryptedemail.com
8bc72926-b130-4a23-9416-a1a188ab546d,Carlo Santibanez,781-981-3041,lofobimmi-6488@encryptedemail.com
5cc6c450-e26e-4829-9712-c62fa7844d80,Lavinia Caudillo,978-607-4594,ottediffopp-4358@encryptedemail.com
055c804c-c9e6-4759-aa74-5b547a3bff95,Pauletta Adkisson,508-233-2199,zynniddaqyw-3655@encryptedemail.com
87fd1763-38eb-4b59-a0ae-65e9a4daaf10,Elwood Honig,413-752-5104,nydessace-3973@encryptedemail.com
e08e36a5-ab2e-4b6c-873d-4c384bb78b83,Tod Matthew,781-502-9729,qejahice-2599@encryptedemail.com
3c017815-814e-439e-ae14-3de4e263abe8,Kenneth Galles,857-453-1990,ammuzore-0326@encryptedemail.com
709fd42d-560f-4557-9bc9-608a8f508166,Sandy Ollie,617-477-9200,poxorittyss-0988@encryptedemail.com
17b56085-c090-4755-8f54-9d6dbeae1f46,Tyree Rone,774-306-2634,rossemmuze-2253@encryptedemail.com
e5d57f8a-7fae-41ca-bc97-89d8e8be9522,Emmitt Verrill,508-922-9407,ebogosess-6200@encryptedemail.com
323f586b-b1d8-4926-a65d-9b9c4e7b6194,Grady Rawlinson,978-279-1049,iraniqix-0680@encryptedemail.com
a1342590-6d8b-411d-9a25-e5d65a0d94b1,Fredric Lentini,978-791-6570,riqerevig-1765@encryptedemail.com
081e3bb5-5491-47c0-b445-65ffd64d7f60,Wade Hochman,413-441-3458,appojaty-2883@encryptedemail.com
c1fb3de0-8709-42f8-9802-4db45549f843,Zana Issa,781-842-8595,tewugiddilo-5029@encryptedemail.com
57189b7d-ef51-49c5-9ed2-9c1f8ec20b23,Terese Taitt,508-552-5187,omumupoc-9565@encryptedemail.com